162;"EquipIcon"
163;"FavoritesListEntry"
165;"ScrollIndicator_downArrow"
166;"ScrollIndicator_upArrow"
167;"ButtonPanel"
172;"NavButton"
175;"MagicButton"
178;"AidButton"
181;"GearButton"
184;"AllButton"
187;"GroupButton"
190;"ScrollBar_thumb"
192;"ScrollBar_track"
193;"ScrollBar"
194;"ScrollingList"
202;"FavoritesMenu"
204;"__Packages.gfx.core.UIComponent"
205;"__Packages.gfx.events.EventDispatcher"
206;"__Packages.gfx.managers.FocusHandler"
207;"__Packages.gfx.managers.InputDelegate"
208;"__Packages.skyui.util.GlobalFunctions"
209;"__Packages.skyui.defines.Input"
210;"__Packages.gfx.ui.NavigationCode"
211;"__Packages.gfx.ui.InputDetails"
212;"__Packages.gfx.controls.Button"
213;"__Packages.gfx.utils.Locale"
214;"__Packages.gfx.controls.ButtonGroup"
215;"__Packages.gfx.utils.Constraints"
216;"__Packages.gfx.controls.ScrollIndicator"
217;"__Packages.gfx.controls.ScrollBar"
218;"__Packages.Shared.GlobalFunc"
219;"__Packages.skyui.components.ButtonPanel"
220;"__Packages.skyui.components.MappedButton"
221;"__Packages.GroupButton"
222;"__Packages.skyui.components.list.IListProcessor"
223;"__Packages.skyui.components.list.BSList"
224;"__Packages.skyui.components.list.BasicList"
225;"__Packages.skyui.components.list.EntryClipManager"
226;"__Packages.skyui.components.list.IEntryEnumeration"
227;"__Packages.skyui.components.list.ListState"
228;"__Packages.FilterDataExtender"
229;"__Packages.skyui.defines.Form"
230;"__Packages.skyui.util.Translator"
231;"__Packages.skyui.components.list.ScrollingList"
232;"__Packages.FavoritesMenu"
233;"__Packages.skyui.filter.IFilter"
234;"__Packages.skyui.filter.ItemTypeFilter"
235;"__Packages.skyui.filter.SortFilter"
236;"__Packages.GroupDataExtender"
237;"__Packages.FavoritesIconSetter"
238;"__Packages.skyui.defines.Armor"
239;"__Packages.skyui.defines.Weapon"
240;"__Packages.skyui.defines.Item"
241;"__Packages.skyui.defines.Actor"
242;"__Packages.skyui.components.list.BasicEnumeration"
243;"__Packages.skyui.components.list.FilteredEnumeration"
244;"__Packages.gfx.io.GameDelegate"
245;"__Packages.skyui.components.list.BasicListEntry"
246;"__Packages.FavoritesListEntry"
507;"ShoutButton"
